kernel,t_base,t_seed,F_b1,S_b1,F_b2,S_b2,F_full,S_full
_act_quant_kernel,110.944435,110.944435,12.327652550546468,12.327652550546468,12.355108071692397,12.355108071692397,12.24601192674586,12.24601192674586
_rms_norm_kernel,302.472107,78.183128,,,,,,
_selective_scan_update_kernel,5.200104,5.200104,,,,,,
_trtllm_prefill_attn_kvfp8_dequant,2.700054,2.700054,,,,,,
assign_extend_cache_locs,2.120042,2.060041,,,,,,
eye_kernel,1.560062,1.320053,1.0000803062547208,1.181912607097103,0.9851538793354357,1.1642722915699588,1.0000803062547208,1.181912607097103
fill_accepted_out_cache_loc,18.620373,18.620373,,,,,,
fn_triton_kernel,3.840077,3.620072,,,,,,
fused_qkvzba_split_reshape_cat_kernel,4.160083,3.660073,,,,,,
matmul_kernel_simplified,2.720109,2.720109,1.022638120165691,1.022638120165691,1.0150065692921322,1.0150065692921322,1.3204938254823735,1.3204938254823735
mean_kernel,358.314331,174.646988,,,,,,
merge_16x16_to_32x32_inverse_kernel,18.240364,15.0403,,,,,,
recompute_w_u_fwd_kernel,21.580431,21.580431,,,,,,
reduce_segments,2.720054,2.660053,,,,,,
reshape_and_cache_flash_kernel,2.840057,2.780056,,,,,,
