kernel,t_base,t_seed,group,F_b1,S_b1,F_b2,S_b2,F_full,S_full
_act_quant_kernel,111.382225,111.14222,long,10.72779812914953,10.75096416983134,12.487640134837752,12.514606449444045,22.681632081644082,22.730611714296327
_chunk_cumsum_fwd_kernel,35.800716,5.98012,mid,1.003355805479723,6.006711610959446,1.0418118800755733,6.236933580598995,1.1240600987912461,6.729322549339703
_chunk_state_fwd_kernel,1399.988037,1307.506104,long,0.9595056372934921,1.0273729579811965,0.9592804073826163,1.027131797209682,0.9482188006198035,1.0152877858581784
_convert_req_index_to_global_index_kernel,73.38147,73.101463,mid,0.9997265235130699,1.0035558644480018,1.0321942716228263,1.0361479766453139,1.4779619559179475,1.4836231243324662
_copy_page_indices_kernel,1.680034,1.620032,short,0.9642852466081043,1.0,0.9759034910751773,1.0120485556612429,0.9878045136896635,1.0243903628768445
_correct_attn_cp_out_kernel,7.560151,7.120142,mid,1.4015748899480542,1.4881891127755138,1.50210955687597,1.5949365993719535,1.4771784628355948,1.5684648189579626
_count_expert_num_tokens,1.620032,1.620032,short,1.0,1.0,1.0,1.0,0.9878045136896635,0.9878045136896635
_dequantize_k_cache_fast_kernel,2.860057,2.860057,short,0.9407893460032545,0.9407893460032545,0.9727889814456103,0.9727889814456103,1.0437954712587887,1.0437954712587887
_fwd_kernel_ep_gather,10.720215,4.860097,mid,1.0167362747526407,2.2426777621202585,1.0167362747526407,2.2426777621202585,1.084821287072358,2.3928570631393566
_log_softmax_kernel,705.454102,705.454102,long,1.7120667432130425,1.7120667432130425,0.9975395003018358,0.9975395003018358,1.1426719603383615,1.1426719603383615
_pack_seq_kernel,2.380048,2.280046,short,1.0458715512163974,1.0917431024327948,1.0458715512163974,1.0917431024327948,1.0754720897038832,1.1226419099244258
_per_group_transpose,2.200044,2.200044,short,1.1956520439534641,1.1956520439534641,1.0,1.0,0.9821427694532924,0.9821427694532924
_per_token_group_quant_8bit_colmajor,5.580112,2.940059,mid,1.0,1.897959190614882,1.0208332609968271,1.9374998697942887,1.148437667843336,2.1796878265315804
_quantize_k_cache_fast_kernel,3.260065,3.260065,short,1.0,1.0,1.0,1.0,0.9702380934665886,0.9702380934665886
_rms_norm_kernel,302.366058,302.366058,long,0.9684196995642171,0.9684196995642171,1.138746699989593,1.138746699989593,1.9641418645079123,1.9641418645079123
_selective_scan_update_kernel,5.0001,5.0001,mid,0.9727626080644687,0.9727626080644687,0.9920634526966821,0.9920634526966821,0.9803921568627451,0.9803921568627451
_set_k_and_s_triton_kernel,1.580032,1.580032,short,0.9634147605566473,0.9634147605566473,0.9634147605566473,0.9634147605566473,0.9875002499950002,0.9875002499950002
_silu_mul_fp8_quant_deep_gemm,3.320066,3.320066,short,0.948571314288,0.948571314288,1.0184048477561032,1.0184048477561032,0.9880951778640129,0.9880951778640129
_state_passing_fwd_kernel,3.140063,2.580052,short,1.0932206011151473,1.3305086720730563,0.9555557037007406,1.1629630370355555,1.0403225741416504,1.2661289086913572
_trtllm_prefill_attn_kvfp8_dequant,2.660053,2.660053,short,1.0152672542377021,1.0152672542377021,0.9851851111125925,0.9851851111125925,0.9925370906705611,0.9925370906705611
_unpack_seq_triton_kernel,116.662331,2.420048,long,1.0341877748609323,49.85469565354883,1.00833316667,48.608332416684995,1.0168063837367987,49.016797560385335
assign_draft_cache_locs_page_size_1,1.660033,1.660033,short,1.0,1.0,1.0,1.0,0.9880948837940184,0.9880948837940184
assign_extend_cache_locs,2.100042,2.100042,short,1.0294116637851887,1.0294116637851887,1.0096151904625004,1.0096151904625004,1.0,1.0
chunk_local_cumsum_scalar_kernel,45.500912,13.580272,mid,1.005925955554963,3.3703705185155557,0.9985294411758824,3.34558838235,0.9926900586932689,3.3260234407585694
chunk_local_cumsum_vector_kernel,69.481392,18.460369,mid,0.9978378270272432,3.7556758054028108,0.9935414102580938,3.739504892582344,1.6052173739133913,6.041739339126261
compute_identity_kernel,526.830566,23.800476,long,1.005067593033298,22.24746802988268,0.9867330589302924,21.841627702200462,1.0197086459324056,22.571552060205136
copy_all_layer_kv_cache_tiled,2.200044,2.180044,short,0.97321437738974,0.9821427694532924,0.9819823390887747,0.9909911695443874,1.1473686315747371,1.1578947368421053
experts_combine_kernel,1.580032,1.580032,short,0.9875002499950002,0.9875002499950002,1.0128208990718774,1.0128208990718774,1.0675675493064332,1.0675675493064332
eye_kernel,1.620032,1.300026,short,0.9558824935093199,1.19117635164596,1.0,1.2461535384676923,0.9848487832815415,1.227272796141894
fill_accepted_out_cache_loc,18.680374,18.680374,mid,1.010822510588262,1.010822510588262,0.9946751864818894,0.9946751864818894,1.253691302012886,1.253691302012886
fn_triton_kernel,3.800076,3.600072,short,1.0,1.0555555555555556,1.0055864798249867,1.0614523953708193,0.9890109346708156,1.043955986596972
fused_gdn_gating_kernel,202.184036,10.660213,long,0.9888683110680075,18.75510237968352,0.9962616635517757,18.89532639253757,0.9726277367267935,18.447079935172827
fused_qkvzba_split_reshape_cat_kernel,4.020081,4.020081,short,1.0578948947336844,1.0578948947336844,1.0468751017232207,1.0468751017232207,1.0634921096824508,1.0634921096824508
l2norm_fwd_kernel1,4.100082,2.020041,short,0.9619050476133334,1.952380952380952,1.1609197516141916,2.356321568244317,1.109890683480986,2.2527477478467457
l2norm_fwd_kernel2,1.700034,1.700034,short,0.9444444444444445,0.9444444444444445,0.9550559651602553,0.9550559651602553,0.9659092006693049,0.9659092006693049
layer_norm_fwd_kernel,138.902771,138.902771,long,0.9250132306218422,0.9250132306218422,1.0001439271284183,1.0001439271284183,0.8851643557147509,0.8851643557147509
matmul_kernel_simplified,2.720054,2.540051,short,0.9477611272011683,1.0149250724052574,0.9202899942211297,0.985507172864309,0.8698632013473705,0.9315068399326315
mean_kernel,360.0672,174.403488,long,1.0016080484121244,2.0678841325078205,0.9907965364218329,2.045563071760969,1.3903060758994839,2.870376169839646
merge_16x16_to_32x32_inverse_kernel,18.600372,15.100302,mid,0.9882198694188454,1.2172774550457302,1.0107094911554313,1.2449799030126505,0.9908136352914196,1.2204724249285037
merge_16x16_to_64x64_inverse_kernel,36.740734,36.740734,mid,0.9962038990706721,0.9962038990706721,1.2337138585137788,1.2337138585137788,1.1783193947625936,1.1783193947625936
moe_align_block_size_stage,15.020301,15.020301,mid,0.9677835687560364,0.9677835687560364,1.0518207408451064,1.0518207408451064,1.0203805032698394,1.0203805032698394
post_reorder_triton_kernel_for_cutlass_moe,2.780056,2.720054,short,0.9577462705854144,0.9788733113455118,1.007407259262222,1.029629777774815,0.9927005114860834,1.0145986120716555
recompute_w_u_fwd_kernel,21.840437,21.720434,mid,0.9990800092086474,1.004599815965044,1.006487497863226,1.0120482301766818,1.0018450277261528,1.0073801109046117
reduce_segments,2.700054,2.620052,short,0.9924240157299872,1.0227271952494894,0.9562041637850335,0.9854013879283446,0.9924240157299872,1.0227271952494894
reshape_and_cache_flash_kernel,2.900058,2.900058,short,1.06617662737578,1.06617662737578,1.0583940833304442,1.0583940833304442,2.4576262855670734,2.4576262855670734
reshape_and_cache_kernel_flash,2.700054,2.700054,short,0.9374998697942889,0.9374998697942889,1.0074625362026288,1.0074625362026288,0.9642857142857143,0.9642857142857143
rwkv_ka_fusion_kernel,2.040041,1.98004,short,0.868421075715139,0.8947367728545828,1.010204388790223,1.0408165347730325,1.164706117642353,1.200000117644706
rwkv_mm_sparsity_kernel,10.900218,10.900218,mid,1.0400763954230303,1.0400763954230303,1.828859121772569,1.828859121772569,1.05415858696059,1.05415858696059
softplus,2.040041,2.040041,short,0.9902914553642379,0.9902914553642379,0.9357797365557758,0.9357797365557758,1.0303029231732692,1.0303029231732692
solve_tril_16x16_kernel,12.280246,12.280246,mid,0.9808307342105788,0.9808307342105788,0.9839744383305172,0.9839744383305172,1.57435902564,1.57435902564
